timestamp,open,high,low,close,volume
2024-05-15 00:00:00+00:00,31.58,31.85,31.35,31.42,47691.7
2024-05-15 01:00:00+00:00,31.42,31.8,31.42,31.77,28957.35
2024-05-15 02:00:00+00:00,31.77,31.93,31.76,31.91,19532.24
2024-05-15 03:00:00+00:00,31.92,32.46,31.92,32.32,55145.31
2024-05-15 04:00:00+00:00,32.33,32.42,32.08,32.13,54602.13
2024-05-15 05:00:00+00:00,32.12,32.27,32.08,32.24,61335.77
2024-05-15 06:00:00+00:00,32.25,32.52,32.22,32.51,47707.76
2024-05-15 07:00:00+00:00,32.51,32.72,32.43,32.67,69761.96
2024-05-15 08:00:00+00:00,32.68,32.79,32.46,32.58,64348.92
2024-05-15 09:00:00+00:00,32.59,33.08,32.35,32.91,83613.89
2024-05-15 10:00:00+00:00,32.91,33.27,32.78,32.96,103002.59
2024-05-15 11:00:00+00:00,32.96,32.99,32.61,32.73,40664.32
2024-05-15 12:00:00+00:00,32.73,33.84,32.63,33.79,323388.22
2024-05-15 13:00:00+00:00,33.8,34.47,33.71,33.99,277104.51
2024-05-15 14:00:00+00:00,34.0,34.48,33.95,34.31,104852.91
2024-05-15 15:00:00+00:00,34.31,34.42,34.04,34.08,122860.79
2024-05-15 16:00:00+00:00,34.08,34.31,33.77,33.92,167384.06
2024-05-15 17:00:00+00:00,33.93,34.07,33.82,33.97,68899.35
2024-05-15 18:00:00+00:00,33.97,34.14,33.79,34.05,74684.54
2024-05-15 19:00:00+00:00,34.06,34.35,33.84,34.33,107261.33
2024-05-15 20:00:00+00:00,34.32,34.58,34.25,34.55,96380.39
2024-05-15 21:00:00+00:00,34.56,34.59,34.41,34.49,47914.68
2024-05-15 22:00:00+00:00,34.48,34.72,34.44,34.56,70197.68
2024-05-15 23:00:00+00:00,34.56,34.79,34.48,34.66,59233.34
2024-05-16 00:00:00+00:00,34.66,34.82,34.45,34.67,105988.65
2024-05-16 01:00:00+00:00,34.66,34.88,34.62,34.87,62280.12
2024-05-16 02:00:00+00:00,34.87,34.92,34.67,34.78,42292.45
2024-05-16 03:00:00+00:00,34.78,35.01,34.69,34.97,59269.37
2024-05-16 04:00:00+00:00,34.96,35.01,34.7,34.78,39546.89
2024-05-16 05:00:00+00:00,34.78,34.79,34.55,34.68,37134.66
2024-05-16 06:00:00+00:00,34.67,34.81,34.62,34.71,32899.12
2024-05-16 07:00:00+00:00,34.7,34.87,34.68,34.76,39603.49
2024-05-16 08:00:00+00:00,34.76,34.9,34.56,34.58,41359.17
2024-05-16 09:00:00+00:00,34.58,34.98,34.48,34.93,57128.05
2024-05-16 10:00:00+00:00,34.93,34.93,34.47,34.54,45607.25
2024-05-16 11:00:00+00:00,34.54,34.64,34.43,34.62,35121.48
2024-05-16 12:00:00+00:00,34.62,34.63,34.03,34.37,154012.15
2024-05-16 13:00:00+00:00,34.37,34.9,34.16,34.63,94473.17
2024-05-16 14:00:00+00:00,34.63,34.65,33.83,33.91,172469.85
2024-05-16 15:00:00+00:00,33.91,34.37,33.83,34.21,82336.03
2024-05-16 16:00:00+00:00,34.21,34.27,33.88,34.12,66563.63
2024-05-16 17:00:00+00:00,34.12,34.23,33.75,34.02,55474.08
2024-05-16 18:00:00+00:00,34.02,34.17,33.99,34.05,32279.62
2024-05-16 19:00:00+00:00,34.04,34.45,34.03,34.36,55192.65
2024-05-16 20:00:00+00:00,34.36,34.42,34.17,34.29,42602.11
2024-05-16 21:00:00+00:00,34.29,34.38,34.17,34.35,31887.26
2024-05-16 22:00:00+00:00,34.36,34.42,34.11,34.4,28537.54
2024-05-16 23:00:00+00:00,34.4,34.6,34.35,34.46,35033.98
2024-05-17 00:00:00+00:00,34.45,34.62,34.45,34.57,29579.24
2024-05-17 01:00:00+00:00,34.56,34.66,34.26,34.48,45903.47
2024-05-17 02:00:00+00:00,34.51,34.63,34.41,34.54,26413.52
2024-05-17 03:00:00+00:00,34.56,34.94,34.46,34.79,79724.71
2024-05-17 04:00:00+00:00,34.79,34.89,34.68,34.76,41341.74
2024-05-17 05:00:00+00:00,34.77,34.95,34.71,34.94,35414.41
2024-05-17 06:00:00+00:00,34.95,35.94,34.9,35.9,161133.55
2024-05-17 07:00:00+00:00,35.89,37.32,35.89,37.29,357659.95
2024-05-17 08:00:00+00:00,37.28,37.59,36.63,36.71,230344.81
2024-05-17 09:00:00+00:00,36.7,36.71,36.24,36.53,102873.42
2024-05-17 10:00:00+00:00,36.53,36.94,36.41,36.89,103512.02
2024-05-17 11:00:00+00:00,36.89,36.97,36.55,36.56,75344.18
2024-05-17 12:00:00+00:00,36.56,37.02,36.5,36.89,89870.05
2024-05-17 13:00:00+00:00,36.89,36.96,36.4,36.53,85182.48
2024-05-17 14:00:00+00:00,36.54,36.85,36.52,36.78,60842.3
2024-05-17 15:00:00+00:00,36.78,37.25,36.64,37.12,153925.34
2024-05-17 16:00:00+00:00,37.12,37.19,36.78,36.85,133036.71
2024-05-17 17:00:00+00:00,36.85,36.93,36.62,36.65,79928.56
2024-05-17 18:00:00+00:00,36.64,36.67,36.23,36.5,133939.21
2024-05-17 19:00:00+00:00,36.49,36.58,36.38,36.57,67073.12
2024-05-17 20:00:00+00:00,36.56,36.56,36.37,36.4,43859.12
2024-05-17 21:00:00+00:00,36.4,36.45,36.33,36.42,25212.55
2024-05-17 22:00:00+00:00,36.42,36.51,36.37,36.5,23289.82
2024-05-17 23:00:00+00:00,36.49,36.49,36.31,36.43,21988.97
2024-05-18 00:00:00+00:00,36.43,36.78,36.34,36.7,57194.4
2024-05-18 01:00:00+00:00,36.7,36.93,36.54,36.92,39717.66
2024-05-18 02:00:00+00:00,36.92,37.33,36.91,37.3,81814.94
2024-05-18 03:00:00+00:00,37.3,37.66,37.14,37.61,110527.62
2024-05-18 04:00:00+00:00,37.6,37.63,37.22,37.42,54869.98
2024-05-18 05:00:00+00:00,37.42,37.52,37.11,37.27,43193.24
2024-05-18 06:00:00+00:00,37.28,37.56,37.17,37.46,39680.17
2024-05-18 07:00:00+00:00,37.45,37.47,37.15,37.19,86002.87
2024-05-18 08:00:00+00:00,37.19,37.42,37.16,37.25,25932.48
2024-05-18 09:00:00+00:00,37.24,37.46,37.19,37.39,32575.65
2024-05-18 10:00:00+00:00,37.38,37.47,37.18,37.46,54770.06
2024-05-18 11:00:00+00:00,37.47,37.56,37.35,37.48,58102.04
2024-05-18 12:00:00+00:00,37.48,37.54,36.99,37.1,79074.29
2024-05-18 13:00:00+00:00,37.1,37.32,36.96,37.04,63717.77
2024-05-18 14:00:00+00:00,37.04,37.22,36.86,37.16,105078.76
2024-05-18 15:00:00+00:00,37.17,37.52,37.15,37.34,58102.65
2024-05-18 16:00:00+00:00,37.34,37.35,37.05,37.05,39172.39
2024-05-18 17:00:00+00:00,37.05,37.29,37.04,37.16,36195.63
2024-05-18 18:00:00+00:00,37.15,37.21,36.96,36.97,16972.54
2024-05-18 19:00:00+00:00,36.97,37.1,36.91,37.06,27915.45
2024-05-18 20:00:00+00:00,37.07,37.29,36.95,37.19,28736.18
2024-05-18 21:00:00+00:00,37.19,37.28,37.04,37.15,27778.35
2024-05-18 22:00:00+00:00,37.16,37.23,37.08,37.11,24849.8
2024-05-18 23:00:00+00:00,37.12,37.28,37.08,37.24,20017.83
2024-05-19 00:00:00+00:00,37.23,37.38,37.13,37.23,33476.9
2024-05-19 01:00:00+00:00,37.23,37.57,37.23,37.42,35284.69
2024-05-19 02:00:00+00:00,37.43,37.74,37.39,37.71,45966.14
2024-05-19 03:00:00+00:00,37.72,37.76,37.37,37.47,54097.51
2024-05-19 04:00:00+00:00,37.48,37.49,37.13,37.23,31593.66
2024-05-19 05:00:00+00:00,37.23,37.26,37.01,37.02,21766.56
2024-05-19 06:00:00+00:00,37.02,37.08,36.67,36.85,86925.56
2024-05-19 07:00:00+00:00,36.86,36.96,36.72,36.9,30264.74
2024-05-19 08:00:00+00:00,36.89,36.9,36.67,36.75,34054.62
2024-05-19 09:00:00+00:00,36.75,36.78,36.54,36.68,25292.83
2024-05-19 10:00:00+00:00,36.67,36.92,36.59,36.66,52621.65
2024-05-19 11:00:00+00:00,36.65,36.68,36.36,36.64,69519.71
2024-05-19 12:00:00+00:00,36.63,36.71,36.17,36.35,90786.95
2024-05-19 13:00:00+00:00,36.34,36.39,35.97,36.19,63715.06
2024-05-19 14:00:00+00:00,36.19,36.26,36.01,36.1,28942.3
2024-05-19 15:00:00+00:00,36.1,36.11,35.79,35.96,62133.11
2024-05-19 16:00:00+00:00,35.97,35.97,35.42,35.44,73119.94
2024-05-19 17:00:00+00:00,35.44,35.89,35.37,35.67,67951.74
2024-05-19 18:00:00+00:00,35.68,35.74,35.51,35.53,27783.43
2024-05-19 19:00:00+00:00,35.54,35.83,35.46,35.57,65384.34
2024-05-19 20:00:00+00:00,35.56,35.97,35.54,35.91,33153.74
2024-05-19 21:00:00+00:00,35.91,35.97,35.44,35.62,39946.45
2024-05-19 22:00:00+00:00,35.62,35.87,35.56,35.85,16512.9
2024-05-19 23:00:00+00:00,35.86,35.86,35.55,35.6,18679.96
2024-05-20 00:00:00+00:00,35.6,35.82,35.45,35.64,33456.4
2024-05-20 01:00:00+00:00,35.64,35.71,35.15,35.61,82089.79
2024-05-20 02:00:00+00:00,35.61,36.16,35.58,36.02,44081.14
2024-05-20 03:00:00+00:00,36.02,36.1,35.45,35.67,69936.19
2024-05-20 04:00:00+00:00,35.66,36.27,35.6,36.17,53418.91
2024-05-20 05:00:00+00:00,36.17,36.64,36.17,36.49,84985.88
2024-05-20 06:00:00+00:00,36.49,36.54,35.38,35.57,99124.93
2024-05-20 07:00:00+00:00,35.58,36.13,35.49,36.05,73415.57
2024-05-20 08:00:00+00:00,36.06,36.3,36.05,36.16,52492.84
2024-05-20 09:00:00+00:00,36.16,36.3,35.95,35.97,32776.08
2024-05-20 10:00:00+00:00,35.97,36.15,35.89,36.02,52902.19
2024-05-20 11:00:00+00:00,36.02,36.31,35.89,36.01,66428.15
2024-05-20 12:00:00+00:00,36.01,36.15,35.77,35.82,49512.74
2024-05-20 13:00:00+00:00,35.82,35.97,35.68,35.95,43072.19
2024-05-20 14:00:00+00:00,35.95,35.97,35.7,35.86,53606.08
2024-05-20 15:00:00+00:00,35.88,36.68,35.8,36.66,92463.15
2024-05-20 16:00:00+00:00,36.66,37.11,36.5,36.82,164339.26
2024-05-20 17:00:00+00:00,36.82,37.08,36.63,36.91,100096.75
2024-05-20 18:00:00+00:00,36.93,37.25,36.85,37.07,88632.17
2024-05-20 19:00:00+00:00,37.07,38.78,36.92,38.67,413485.71
2024-05-20 20:00:00+00:00,38.67,38.91,38.07,38.46,348458.28
2024-05-20 21:00:00+00:00,38.47,38.96,38.06,38.95,214607.82
2024-05-20 22:00:00+00:00,38.95,39.5,38.84,39.4,253982.32
2024-05-20 23:00:00+00:00,39.39,40.35,39.18,40.13,286413.44
2024-05-21 00:00:00+00:00,40.13,41.01,40.12,40.49,226471.47
2024-05-21 01:00:00+00:00,40.49,40.52,39.66,39.94,172218.46
2024-05-21 02:00:00+00:00,39.94,40.1,39.71,39.79,82444.78
2024-05-21 03:00:00+00:00,39.79,39.99,39.71,39.76,40968.73
2024-05-21 04:00:00+00:00,39.76,40.85,39.76,40.21,197659.16
2024-05-21 05:00:00+00:00,40.22,41.19,40.21,40.98,293021.56
2024-05-21 06:00:00+00:00,40.99,41.08,40.53,40.71,138784.07
2024-05-21 07:00:00+00:00,40.72,40.76,40.41,40.71,70983.07
2024-05-21 08:00:00+00:00,40.68,40.74,40.32,40.44,78431.1
2024-05-21 09:00:00+00:00,40.44,40.63,40.26,40.59,72413.47
2024-05-21 10:00:00+00:00,40.59,40.78,40.42,40.58,90651.8
2024-05-21 11:00:00+00:00,40.57,40.8,40.35,40.4,117489.06
2024-05-21 12:00:00+00:00,40.39,40.91,40.17,40.71,148442.9
2024-05-21 13:00:00+00:00,40.72,41.42,40.51,40.54,235232.14
2024-05-21 14:00:00+00:00,40.53,41.09,40.43,40.52,145341.43
2024-05-21 15:00:00+00:00,40.52,40.94,40.01,40.15,153591.06
2024-05-21 16:00:00+00:00,40.15,40.99,40.01,40.88,144469.16
2024-05-21 17:00:00+00:00,40.88,41.27,40.75,41.15,150817.5
2024-05-21 18:00:00+00:00,41.16,41.34,40.82,40.9,82540.98
2024-05-21 19:00:00+00:00,40.9,41.02,40.18,40.4,128643.49
2024-05-21 20:00:00+00:00,40.41,40.99,40.4,40.85,62678.48
2024-05-21 21:00:00+00:00,40.85,40.86,40.5,40.8,69711.37
2024-05-21 22:00:00+00:00,40.82,41.32,40.82,41.28,85329.41
2024-05-21 23:00:00+00:00,41.29,41.29,40.99,41.2,51068.96
2024-05-22 00:00:00+00:00,41.19,41.36,40.96,41.02,51029.89
2024-05-22 01:00:00+00:00,41.03,41.45,40.95,41.22,69073.22
2024-05-22 02:00:00+00:00,41.23,41.25,40.94,40.98,37599.99
2024-05-22 03:00:00+00:00,40.98,40.98,40.57,40.76,47674.51
2024-05-22 04:00:00+00:00,40.76,40.87,40.19,40.72,92645.48
2024-05-22 05:00:00+00:00,40.71,41.56,40.69,41.44,127472.49
2024-05-22 06:00:00+00:00,41.44,41.8,41.23,41.37,86494.45
2024-05-22 07:00:00+00:00,41.38,41.5,40.88,41.01,87988.01
2024-05-22 08:00:00+00:00,41.0,41.31,40.8,41.23,63593.82
2024-05-22 09:00:00+00:00,41.23,41.4,40.87,40.97,70150.73
2024-05-22 10:00:00+00:00,40.97,41.11,40.86,40.92,48568.45
2024-05-22 11:00:00+00:00,40.93,40.97,40.31,40.31,78121.49
2024-05-22 12:00:00+00:00,40.32,40.54,39.19,39.31,248357.87
2024-05-22 13:00:00+00:00,39.31,39.97,39.27,39.92,147549.86
2024-05-22 14:00:00+00:00,39.91,40.22,39.7,40.0,136661.61
2024-05-22 15:00:00+00:00,39.99,40.83,39.83,40.39,117332.38
2024-05-22 16:00:00+00:00,40.39,40.49,40.06,40.19,97668.37
2024-05-22 17:00:00+00:00,40.19,40.48,39.76,39.94,115314.22
2024-05-22 18:00:00+00:00,39.94,40.01,39.43,39.74,113671.06
2024-05-22 19:00:00+00:00,39.72,40.0,39.7,39.99,43223.54
2024-05-22 20:00:00+00:00,40.0,40.38,39.72,39.82,93634.14
2024-05-22 21:00:00+00:00,39.8,40.33,39.54,40.32,74901.24
2024-05-22 22:00:00+00:00,40.32,40.34,39.99,40.05,41369.13
2024-05-22 23:00:00+00:00,40.04,40.05,39.9,40.0,26736.52
2024-05-23 00:00:00+00:00,40.01,40.34,40.0,40.15,39028.89
